TIMESTAMP	DATE TIME	SOLR1	SOLR2	SOLR3
1733845741	2024-12-10 16:49:01	73260543	73260795	72768856
1733845801	2024-12-10 16:50:01	73260567	73260834	72768896
1733845861	2024-12-10 16:51:01	73260616	73260870	72768935
1733845921	2024-12-10 16:52:01	73260718	73260981	72769050
1733845981	2024-12-10 16:53:01	73260834	73261096	72769154
1733846041	2024-12-10 16:54:01	73260935	73261187	72769260
1733846101	2024-12-10 16:55:01	73261039	73261295	72769376
1733846161	2024-12-10 16:56:01	73261136	73261384	72769457
1733846221	2024-12-10 16:57:01	73261212	73261484	72769545
1733846281	2024-12-10 16:58:01	73261322	73261570	72769644
1733846341	2024-12-10 16:59:01	73261413	73261663	72769754
1733846401	2024-12-10 17:00:01	73261523	73261778	72769873
1733846461	2024-12-10 17:01:01	73261653	73261881	72769988
1733846521	2024-12-10 17:02:01	73261732	73261987	72770089
1733846581	2024-12-10 17:03:01	73261826	73262084	72770169
1733846641	2024-12-10 17:04:01	73261911	73262169	72770254
1733846701	2024-12-10 17:05:01	73262009	73262244	72770352
1733846761	2024-12-10 17:06:01	73262106	73262355	72770466
1733846821	2024-12-10 17:07:01	73262165	73262422	72770511
1733846881	2024-12-10 17:08:01	73262224	73262481	72770574
1733846941	2024-12-10 17:09:01	73262308	73262564	72770667
1733847001	2024-12-10 17:10:01	73262386	73262659	72770738
1733847061	2024-12-10 17:11:01	73262476	73262728	72770824
1733847121	2024-12-10 17:12:01	73262567	73262835	72770935
1733847181	2024-12-10 17:13:01	73262635	73262887	72771004
1733847241	2024-12-10 17:14:01	73262772	73263030	72771130
1733847301	2024-12-10 17:15:01	73262881	73263131	72771247
1733847361	2024-12-10 17:16:01	73263012	73263239	72771370
1733847421	2024-12-10 17:17:01	73263093	73263357	72771455
1733847481	2024-12-10 17:18:01	73263195	73263435	72771555
1733847541	2024-12-10 17:19:01	73263276	73263529	72771638
1733847601	2024-12-10 17:20:01	73263316	73263602	72771715
1733847661	2024-12-10 17:21:01	73263378	73263639	72771746
1733847721	2024-12-10 17:22:01	73263397	73263650	72771757
1733847781	2024-12-10 17:23:01	73263434	73263681	72771816
1733847841	2024-12-10 17:24:01	73263512	73263755	72771868
1733847901	2024-12-10 17:25:01	73263603	73263840	72771975
1733847961	2024-12-10 17:26:01	73263689	73263943	72772058
1733848021	2024-12-10 17:27:01	73263773	73264032	72772137
1733848081	2024-12-10 17:28:01	73263867	73264123	72772233
1733848141	2024-12-10 17:29:01	73263944	73264221	72772334
1733848201	2024-12-10 17:30:01	73264009	73264271	72772383
1733848261	2024-12-10 17:31:01	73264101	73264371	72772498
1733848321	2024-12-10 17:32:01	73264247	73264504	72772597
1733848381	2024-12-10 17:33:01	73264314	73264596	72772695
1733848441	2024-12-10 17:34:01	73264433	73264692	72772813
1733848501	2024-12-10 17:35:01	73264554	73264815	72772931
1733848561	2024-12-10 17:36:01	73264659	73264921	72773038
1733848621	2024-12-10 17:37:01	73264753	73265002	72773127
1733848681	2024-12-10 17:38:01	73264801	73265066	72773193
1733848741	2024-12-10 17:39:01	73264902	73265161	72773279
1733848801	2024-12-10 17:40:01	73264965	73265222	72773358
1733848861	2024-12-10 17:41:01	73265115	73265351	72773495
1733848921	2024-12-10 17:42:01	73265172	73265419	72773548
1733848981	2024-12-10 17:43:01	73265212	73265465	72773591
1733849041	2024-12-10 17:44:01	73265269	73265521	72773645
1733849101	2024-12-10 17:45:01	73265311	73265576	72773707
1733849161	2024-12-10 17:46:01	73265360	73265607	72773737
1733849221	2024-12-10 17:47:01	73265430	73265686	72773807
1733849281	2024-12-10 17:48:01	73265552	73265805	72773938
1733849341	2024-12-10 17:49:01	73265640	73265904	72774049
1733849401	2024-12-10 17:50:01	73265693	73265951	72774090
1733849461	2024-12-10 17:51:01	73265786	73266050	72774189
1733849521	2024-12-10 17:52:01	73265888	73266141	72774277
1733849581	2024-12-10 17:53:01	73265968	73266234	72774384
1733849641	2024-12-10 17:54:01	73266072	73266317	72774468
1733849701	2024-12-10 17:55:01	73266146	73266392	72774541
1733849761	2024-12-10 17:56:01	73266202	73266456	72774600
1733849821	2024-12-10 17:57:01	73266285	73266545	72774672
1733849881	2024-12-10 17:58:01	73266340	73266594	72774731
1733849941	2024-12-10 17:59:01	73266379	73266629	72774770
1733850001	2024-12-10 18:00:01	73266456	73266720	72774853
1733850061	2024-12-10 18:01:01	73266530	73266791	72774924
1733850121	2024-12-10 18:02:01	73266582	73266843	72774985
1733850181	2024-12-10 18:03:01	73266672	73266935	72775068
1733850241	2024-12-10 18:04:01	73266773	73266999	72775168
1733850301	2024-12-10 18:05:01	73266883	73267128	72775280
1733850361	2024-12-10 18:06:01	73266991	73267263	72775400
1733850421	2024-12-10 18:07:01	73267097	73267354	72775514
1733850481	2024-12-10 18:08:01	73267210	73267450	72775606
1733850541	2024-12-10 18:09:01	73267284	73267534	72775676
1733850601	2024-12-10 18:10:01	73267361	73267617	72775781
1733850661	2024-12-10 18:11:01	73267445	73267710	72775857
1733850721	2024-12-10 18:12:01	73267554	73267797	72775962
1733850781	2024-12-10 18:13:01	73267665	73267854	72776071
1733850841	2024-12-10 18:14:01	73267758	73268024	72776176
1733850901	2024-12-10 18:15:01	73267894	73268151	72776326
1733850961	2024-12-10 18:16:01	73268023	73268286	72776438
1733851021	2024-12-10 18:17:01	73268115	73268392	72776560
1733851081	2024-12-10 18:18:01	73268260	73268525	72776699
1733851141	2024-12-10 18:19:01	73268357	73268622	72776782
1733851201	2024-12-10 18:20:01	73268453	73268727	72776883
1733851261	2024-12-10 18:21:01	73268544	73268804	72776980
1733851321	2024-12-10 18:22:01	73268622	73268884	72777048
1733851381	2024-12-10 18:23:01	73268706	73268967	72777132
1733851441	2024-12-10 18:24:01	73268800	73269062	72777220
1733851501	2024-12-10 18:25:01	73268888	73269151	72777308
1733851561	2024-12-10 18:26:01	73268945	73269199	72777366
1733851621	2024-12-10 18:27:01	73269012	73269276	72777433
1733851681	2024-12-10 18:28:01	73269080	73269324	72777502
1733851741	2024-12-10 18:29:01	73269138	73269400	72777562
1733851801	2024-12-10 18:30:01	73269218	73269471	72777641
1733851861	2024-12-10 18:31:01	73269278	73269540	72777722
1733851921	2024-12-10 18:32:01	73269355	73269634	72777800
1733851981	2024-12-10 18:33:01	73269460	73269726	72777876
1733852041	2024-12-10 18:34:01	73269518	73269781	72777956
1733852101	2024-12-10 18:35:01	73269579	73269842	72778014
1733852161	2024-12-10 18:36:01	73269652	73269917	72778078
1733852221	2024-12-10 18:37:01	73269710	73269974	72778143
1733852281	2024-12-10 18:38:01	73269763	73270053	72778212
1733852341	2024-12-10 18:39:01	73269853	73270120	72778267
1733852401	2024-12-10 18:40:01	73269910	73270177	72778335
1733852461	2024-12-10 18:41:01	73269996	73270252	72778446
1733852521	2024-12-10 18:42:01	73270099	73270356	72778539
1733852581	2024-12-10 18:43:01	73270192	73270460	72778629
1733852641	2024-12-10 18:44:01	73270314	73270578	72778745
1733852701	2024-12-10 18:45:01	73270418	73270687	72778846
1733852761	2024-12-10 18:46:01	73270527	73270819	72778965
1733852821	2024-12-10 18:47:01	73270634	73270879	72779073
1733852881	2024-12-10 18:48:01	73270752	73271015	72779194
1733852941	2024-12-10 18:49:01	73270789	73271125	72779277
1733853001	2024-12-10 18:50:01	73270939	73271238	72779391
1733853061	2024-12-10 18:51:01	73271020	73271295	72779471
1733853121	2024-12-10 18:52:01	73271128	73271401	72779576
1733853181	2024-12-10 18:53:01	73271208	73271478	72779649
1733853241	2024-12-10 18:54:01	73271302	73271586	72779745
1733853301	2024-12-10 18:55:01	73271381	73271679	72779842
1733853361	2024-12-10 18:56:01	73271490	73271787	72779931
1733853421	2024-12-10 18:57:01	73271613	73271895	72780067
1733853482	2024-12-10 18:58:02	73271693	73271979	72780144
1733853541	2024-12-10 18:59:01	73271750	73272040	72780210
1733853601	2024-12-10 19:00:01	73271824	73272113	72780276
1733853661	2024-12-10 19:01:01	73271921	73272209	72780368
1733853721	2024-12-10 19:02:01	73272007	73272280	72780463
1733853781	2024-12-10 19:03:01	73272068	73272359	72780533
1733853841	2024-12-10 19:04:01	73272148	73272455	72780620
1733853901	2024-12-10 19:05:01	73272224	73272523	72780685
1733853961	2024-12-10 19:06:01	73272291	73272586	72780755
1733854021	2024-12-10 19:07:01	73272355	73272663	72780823
1733854081	2024-12-10 19:08:01	73272420	73272712	72780878
1733854141	2024-12-10 19:09:01	73272500	73272783	72780958
1733854201	2024-12-10 19:10:01	73272562	73272855	72781024
1733854261	2024-12-10 19:11:01	73272635	73272931	72781094
1733854321	2024-12-10 19:12:01	73272684	73272959	72781140
1733854381	2024-12-10 19:13:01	73272741	73273033	72781197
1733854441	2024-12-10 19:14:01	73272818	73273110	72781275
1733854501	2024-12-10 19:15:01	73272868	73273168	72781337
1733854561	2024-12-10 19:16:01	73272950	73273248	72781412
1733854621	2024-12-10 19:17:01	73273014	73273299	72781476
1733854681	2024-12-10 19:18:01	73273077	73273372	72781536
1733854741	2024-12-10 19:19:01	73273146	73273438	72781615
1733854801	2024-12-10 19:20:01	73273219	73273514	72781680
1733854861	2024-12-10 19:21:01	73273277	73273573	72781745
1733854921	2024-12-10 19:22:01	73273347	73273626	72781809
1733854981	2024-12-10 19:23:01	73273386	73273697	72781871
1733855041	2024-12-10 19:24:01	73273466	73273763	72781933
1733855101	2024-12-10 19:25:01	73273524	73273817	72782003
1733855161	2024-12-10 19:26:01	73273600	73273896	72782075
1733855221	2024-12-10 19:27:01	73273660	73273961	72782142
1733855281	2024-12-10 19:28:01	73273750	73274038	72782214
1733855341	2024-12-10 19:29:01	73273798	73274102	72782275
1733855401	2024-12-10 19:30:01	73273847	73274158	72782324
1733855461	2024-12-10 19:31:01	73273926	73274220	72782390
1733855521	2024-12-10 19:32:01	73274006	73274303	72782478
1733855581	2024-12-10 19:33:01	73274079	73274376	72782548
1733855641	2024-12-10 19:34:01	73274149	73274440	72782628
1733855701	2024-12-10 19:35:01	73274241	73274531	72782723
1733855762	2024-12-10 19:36:02	73274311	73274608	72782777
1733855821	2024-12-10 19:37:01	73274360	73274658	72782855
1733855881	2024-12-10 19:38:01	73274433	73274731	72782904
1733855941	2024-12-10 19:39:01	73274478	73274765	72782953
1733856001	2024-12-10 19:40:01	73274515	73274818	72782997
1733856061	2024-12-10 19:41:01	73274580	73274869	72783056
1733856121	2024-12-10 19:42:01	73274669	73274968	72783157
1733856181	2024-12-10 19:43:01	73274749	73275056	72783230
1733856241	2024-12-10 19:44:01	73274814	73275114	72783294
1733856301	2024-12-10 19:45:01	73274865	73275160	72783342
1733856361	2024-12-10 19:46:01	73274935	73275231	72783415
1733856421	2024-12-10 19:47:01	73274994	73275292	72783465
1733856481	2024-12-10 19:48:01	73275074	73275371	72783552
1733856541	2024-12-10 19:49:01	73275130	73275432	72783609
1733856601	2024-12-10 19:50:01	73275173	73275488	72783681
1733856661	2024-12-10 19:51:01	73275243	73275537	72783723
1733856721	2024-12-10 19:52:01	73275288	73275585	72783762
1733856781	2024-12-10 19:53:01	73275332	73275623	72783810
1733856841	2024-12-10 19:54:01	73275373	73275677	72783854
1733856901	2024-12-10 19:55:01	73275421	73275719	72783896
1733856961	2024-12-10 19:56:01	73275453	73275754	72783941
1733857021	2024-12-10 19:57:01	73275501	73275805	72783982
1733857081	2024-12-10 19:58:01	73275544	73275838	72784019
1733857141	2024-12-10 19:59:01	73275602	73275899	72784077
1733857201	2024-12-10 20:00:01	73275650	73275947	72784125
1733857261	2024-12-10 20:01:01	73275689	73275986	72784167
1733857321	2024-12-10 20:02:01	73275733	73276044	72784225
1733857381	2024-12-10 20:03:01	73275823	73276066	72784312
1733857441	2024-12-10 20:04:01	73275873	73276172	72784357
1733857501	2024-12-10 20:05:01	73275942	73276243	72784435
1733857561	2024-12-10 20:06:01	73276020	73276329	72784510
1733857621	2024-12-10 20:07:01	73276062	73276370	72784558
1733857681	2024-12-10 20:08:01	73276110	73276405	72784587
1733857741	2024-12-10 20:09:01	73276159	73276454	72784633
1733857801	2024-12-10 20:10:01	73276209	73276488	72784686
1733857861	2024-12-10 20:11:01	73276258	73276554	72784736
1733857921	2024-12-10 20:12:01	73276313	73276620	72784802
1733857981	2024-12-10 20:13:01	73276373	73276668	72784850
1733858041	2024-12-10 20:14:01	73276441	73276736	72784937
1733858101	2024-12-10 20:15:01	73276487	73276799	72784981
1733858161	2024-12-10 20:16:01	73276573	73276857	72785045
1733858221	2024-12-10 20:17:01	73276609	73276904	72785087
1733858281	2024-12-10 20:18:01	73276651	73276946	72785129
1733858341	2024-12-10 20:19:01	73276690	73276972	72785168
1733858401	2024-12-10 20:20:01	73276732	73277026	72785210
1733858461	2024-12-10 20:21:01	73276776	73277076	72785268
1733858521	2024-12-10 20:22:01	73276820	73277114	72785309
1733858581	2024-12-10 20:23:01	73276868	73277162	72785350
1733858641	2024-12-10 20:24:01	73276923	73277214	72785402
1733858701	2024-12-10 20:25:01	73276969	73277262	72785451
1733858761	2024-12-10 20:26:01	73277009	73277298	72785488
1733858821	2024-12-10 20:27:01	73277051	73277340	72785539
1733858881	2024-12-10 20:28:01	73277088	73277392	72785583
1733858941	2024-12-10 20:29:01	73277136	73277427	72785631
1733859001	2024-12-10 20:30:01	73277183	73277474	72785662
1733859061	2024-12-10 20:31:01	73277206	73277497	72785689
1733859121	2024-12-10 20:32:01	73277248	73277545	72785733
1733859182	2024-12-10 20:33:02	73277286	73277577	72785781
1733859241	2024-12-10 20:34:01	73277337	73277625	72785816
1733859301	2024-12-10 20:35:01	73277370	73277661	72785849
1733859361	2024-12-10 20:36:01	73277403	73277694	72785885
1733859421	2024-12-10 20:37:01	73277447	73277742	72785936
1733859481	2024-12-10 20:38:01	73277499	73277782	72785978
1733859541	2024-12-10 20:39:01	73277535	73277823	72786014
1733859601	2024-12-10 20:40:01	73277572	73277860	72786065
1733859661	2024-12-10 20:41:01	73277617	73277902	72786102
1733859721	2024-12-10 20:42:01	73277676	73277964	72786169
1733859781	2024-12-10 20:43:01	73277710	73278004	72786205
1733859841	2024-12-10 20:44:01	73277804	73278081	72786289
1733859901	2024-12-10 20:45:01	73277884	73278152	72786366
1733859961	2024-12-10 20:46:01	73277917	73278215	72786420
1733860021	2024-12-10 20:47:01	73278012	73278298	72786494
1733860081	2024-12-10 20:48:01	73278072	73278331	72786559
1733860141	2024-12-10 20:49:01	73278147	73278449	72786646
1733860201	2024-12-10 20:50:01	73278212	73278489	72786701
1733860261	2024-12-10 20:51:01	73278316	73278603	72786800
1733860322	2024-12-10 20:52:02	73278359	73278642	72786850
1733860381	2024-12-10 20:53:01	73278403	73278693	72786896
1733860441	2024-12-10 20:54:01	73278450	73278724	72786925
1733860501	2024-12-10 20:55:01	73278484	73278772	72786978
1733860561	2024-12-10 20:56:01	73278526	73278820	72787017
1733860621	2024-12-10 20:57:01	73278576	73278856	72787061
1733860681	2024-12-10 20:58:01	73278614	73278910	72787109
1733860741	2024-12-10 20:59:01	73278655	73278954	72787150
1733860801	2024-12-10 21:00:01	73278703	73278992	72787191
1733860861	2024-12-10 21:01:01	73278748	73279040	72787236
1733860921	2024-12-10 21:02:01	73278809	73279085	72787294
1733860981	2024-12-10 21:03:01	73278861	73279150	72787346
1733861041	2024-12-10 21:04:01	73278908	73279188	72787394
1733861101	2024-12-10 21:05:01	73278941	73279230	72787427
1733861161	2024-12-10 21:06:01	73279001	73279278	72787487
1733861221	2024-12-10 21:07:01	73279045	73279333	72787531
1733861281	2024-12-10 21:08:01	73279084	73279362	72787573
1733861341	2024-12-10 21:09:01	73279127	73279424	72787624
1733861401	2024-12-10 21:10:01	73279173	73279465	72787672
1733861461	2024-12-10 21:11:01	73279240	73279525	72787733
1733861521	2024-12-10 21:12:01	73279293	73279593	72787795
1733861581	2024-12-10 21:13:01	73279356	73279634	72787843
1733861641	2024-12-10 21:14:01	73279425	73279710	72787934
1733861701	2024-12-10 21:15:01	73279477	73279763	72787976
1733861761	2024-12-10 21:16:01	73279565	73279851	72788054
1733861821	2024-12-10 21:17:01	73279613	73279899	72788112
1733861881	2024-12-10 21:18:01	73279675	73279951	72788164
1733861941	2024-12-10 21:19:01	73279709	73279994	72788199
1733862001	2024-12-10 21:20:01	73279756	73280041	72788247
1733862061	2024-12-10 21:21:01	73279805	73280086	72788301
1733862121	2024-12-10 21:22:01	73279852	73280137	72788342
1733862181	2024-12-10 21:23:01	73279905	73280190	72788396
1733862241	2024-12-10 21:24:01	73279931	73280230	72788433
1733862301	2024-12-10 21:25:01	73280015	73280291	72788522
1733862361	2024-12-10 21:26:01	73280076	73280359	72788573
1733862421	2024-12-10 21:27:01	73280114	73280397	72788620
1733862481	2024-12-10 21:28:01	73280172	73280454	72788665
1733862541	2024-12-10 21:29:01	73280210	73280498	72788706
1733862601	2024-12-10 21:30:01	73280254	73280530	72788750
1733862661	2024-12-10 21:31:01	73280266	73280548	72788773
1733862721	2024-12-10 21:32:01	73280266	73280548	72788779
1733862781	2024-12-10 21:33:01	73280266	73280548	72788785
1733862841	2024-12-10 21:34:01	73280266	73280548	72788799
1733862901	2024-12-10 21:35:01	73280266	73280548	72788799
1733862961	2024-12-10 21:36:01	73280266	73280548	72788815
1733863021	2024-12-10 21:37:01	73280266	73280548	72788830
1733863081	2024-12-10 21:38:01	73280266	73280548	72788843
1733863141	2024-12-10 21:39:01	73280266	73280548	72788860
1733863201	2024-12-10 21:40:01	73280266	73280548	72788864
1733863261	2024-12-10 21:41:01	73280266	73280548	72788877
1733863321	2024-12-10 21:42:01	73280266	73280548	72788895
1733863381	2024-12-10 21:43:01	73280266	73280548	72788909
1733863441	2024-12-10 21:44:01	73280266	73280548	72788925
1733863501	2024-12-10 21:45:01	73280266	73280548	72788953
1733863561	2024-12-10 21:46:01	73280266	73280548	72788968
1733863622	2024-12-10 21:47:02	73280266	73280548	72788988
1733863681	2024-12-10 21:48:01	73280266	73280548	72789010
1733863741	2024-12-10 21:49:01	73280266	73280548	72789028
1733863801	2024-12-10 21:50:01	73280266	73280548	72789032
1733863861	2024-12-10 21:51:01	73280266	73280548	72789060
1733863921	2024-12-10 21:52:01	73280266	73280548	72789092
1733863981	2024-12-10 21:53:01	73280266	73280548	72789098
1733864041	2024-12-10 21:54:01	73280266	73280548	72789120
1733864101	2024-12-10 21:55:01	73280266	73280548	72789136
1733864161	2024-12-10 21:56:01	73280266	73280548	72789154
1733864221	2024-12-10 21:57:01	73280266	73280548	72789190
1733864281	2024-12-10 21:58:01	73280266	73280548	72789199
1733864341	2024-12-10 21:59:01	73280266	73280548	72789216
1733864401	2024-12-10 22:00:01	73280266	73280548	72789232
1733864461	2024-12-10 22:01:01	73280266	73280548	72789255
1733864522	2024-12-10 22:02:02	73280266	73280548	72789273
1733864581	2024-12-10 22:03:01	73280266	73280548	72789296
1733864641	2024-12-10 22:04:01	73280266	73280548	72789320
1733864701	2024-12-10 22:05:01	73280266	73280548	72789325
1733864761	2024-12-10 22:06:01	73280266	73280548	72789347
1733864821	2024-12-10 22:07:01	73280266	73280548	72789368
1733864881	2024-12-10 22:08:01	73280266	73280548	72789378
1733864942	2024-12-10 22:09:02	73280266	73280548	72789400
1733865001	2024-12-10 22:10:01	73280266	73280548	72789405
1733865061	2024-12-10 22:11:01	73280266	73280548	72789428
1733865121	2024-12-10 22:12:01	73280266	73280548	72789442
1733865181	2024-12-10 22:13:01	73280266	73280548	72789472
1733865241	2024-12-10 22:14:01	73280266	73280548	72789497
1733865301	2024-12-10 22:15:01	73280266	73280548	72789507
1733865361	2024-12-10 22:16:01	73280266	73280548	72789524
1733865421	2024-12-10 22:17:01	73280266	73280548	72789557
1733865481	2024-12-10 22:18:01	73280266	73280548	72789565
1733865541	2024-12-10 22:19:01	73280266	73280548	72789579
1733865601	2024-12-10 22:20:01	73280266	73280548	72789592
1733865661	2024-12-10 22:21:01	73280266	73280548	72789607
1733865721	2024-12-10 22:22:01	73280266	73280548	72789616
1733865781	2024-12-10 22:23:01	73280266	73280548	72789630
1733865842	2024-12-10 22:24:02	73280266	73280548	72789657
1733865901	2024-12-10 22:25:01	73280266	73280548	72789666
1733865961	2024-12-10 22:26:01	73280266	73280548	72789693
1733866021	2024-12-10 22:27:01	73280266	73280548	72789711
1733866081	2024-12-10 22:28:01	73280266	73280548	72789715
1733866141	2024-12-10 22:29:01	73280266	73280548	72789739
1733866201	2024-12-10 22:30:01	73280266	73280548	72789750
1733866262	2024-12-10 22:31:02	73280266	73280548	72789761
1733866321	2024-12-10 22:32:01	73280266	73280548	72789769
1733866381	2024-12-10 22:33:01	73280266	73280548	72789775
1733866441	2024-12-10 22:34:01	73280266	73280548	72789797
1733866501	2024-12-10 22:35:01	73280266	73280548	72789804
1733866561	2024-12-10 22:36:01	73280266	73280548	72789821
1733866621	2024-12-10 22:37:01	73280266	73280548	72789837
1733866682	2024-12-10 22:38:02	73280266	73280548	72789843
1733866741	2024-12-10 22:39:01	73280266	73280548	72789858
1733866801	2024-12-10 22:40:01	73280266	73280548	72789864
1733866861	2024-12-10 22:41:01	73280266	73280548	72789878
1733866921	2024-12-10 22:42:01	73280266	73280548	72789890
1733866981	2024-12-10 22:43:01	73280266	73280548	72789896
1733867041	2024-12-10 22:44:01	73280266	73280548	72789912
1733867102	2024-12-10 22:45:02	73280266	73280548	72789916
1733867161	2024-12-10 22:46:01	73280266	73280548	72789930
1733867221	2024-12-10 22:47:01	73280266	73280548	72789947
1733867281	2024-12-10 22:48:01	73280266	73280548	72789951
1733867341	2024-12-10 22:49:01	73280266	73280548	72789973
1733867401	2024-12-10 22:50:01	73280266	73280548	72789979
1733867461	2024-12-10 22:51:01	73280266	73280548	72789997
1733867522	2024-12-10 22:52:02	73280266	73280548	72790005
1733867581	2024-12-10 22:53:01	73280266	73280548	72790018
1733867641	2024-12-10 22:54:01	73280266	73280548	72790040
1733867701	2024-12-10 22:55:01	73280266	73280548	72790045
1733867761	2024-12-10 22:56:01	73280266	73280548	72790066
1733867821	2024-12-10 22:57:01	73280266	73280548	72790078
1733867881	2024-12-10 22:58:01	73280266	73280548	72790086
1733867942	2024-12-10 22:59:02	73280266	73280548	72790114
1733868001	2024-12-10 23:00:01	73280266	73280548	72790128
1733868061	2024-12-10 23:01:01	73280266	73280548	72790139
1733868121	2024-12-10 23:02:01	73280266	73280548	72790147
1733868181	2024-12-10 23:03:01	73280266	73280548	72790153
1733868241	2024-12-10 23:04:01	73280266	73280548	72790169
1733868301	2024-12-10 23:05:01	73280266	73280548	72790174
1733868361	2024-12-10 23:06:01	73280266	73280548	72790190
1733868421	2024-12-10 23:07:01	73280266	73280548	72790207
1733868481	2024-12-10 23:08:01	73280266	73280548	72790211
1733868541	2024-12-10 23:09:01	73280266	73280548	72790226
1733868601	2024-12-10 23:10:01	73280266	73280548	72790232
1733868661	2024-12-10 23:11:01	73280266	73280548	72790243
1733868721	2024-12-10 23:12:01	73280266	73280548	72790262
1733868782	2024-12-10 23:13:02	73280266	73280548	72790272
1733868841	2024-12-10 23:14:01	73280266	73280548	72790288
1733868901	2024-12-10 23:15:01	73280266	73280548	72790308
1733868961	2024-12-10 23:16:01	73280266	73280548	72790322
1733869021	2024-12-10 23:17:01	73280266	73280548	72790334
1733869081	2024-12-10 23:18:01	73280266	73280548	72790338
1733869141	2024-12-10 23:19:01	73280266	73280548	72790352
1733869202	2024-12-10 23:20:02	73280266	73280548	72790364
1733869261	2024-12-10 23:21:01	73280266	73280548	72790369
1733869321	2024-12-10 23:22:01	73280266	73280548	72790380
1733869381	2024-12-10 23:23:01	73280266	73280548	72790383
1733869441	2024-12-10 23:24:01	73280266	73280548	72790399
1733869501	2024-12-10 23:25:01	73280266	73280548	72790407
1733869561	2024-12-10 23:26:01	73280266	73280548	72790414
1733869622	2024-12-10 23:27:02	73280266	73280548	72790430
1733869681	2024-12-10 23:28:01	73280266	73280548	72790435
1733869741	2024-12-10 23:29:01	73280266	73280548	72790445
1733869801	2024-12-10 23:30:01	73280266	73280548	72790457
1733869861	2024-12-10 23:31:01	73280266	73280548	72790462
1733869921	2024-12-10 23:32:01	73280266	73280548	72790473
1733869981	2024-12-10 23:33:01	73280266	73280548	72790482
1733870042	2024-12-10 23:34:02	73280266	73280548	72790499
1733870101	2024-12-10 23:35:01	73280266	73280548	72790507
1733870161	2024-12-10 23:36:01	73280266	73280548	72790516
1733870221	2024-12-10 23:37:01	73280266	73280548	72790533
1733870281	2024-12-10 23:38:01	73280266	73280548	72790541
1733870341	2024-12-10 23:39:01	73280266	73280548	72790560
1733870401	2024-12-10 23:40:01	73280266	73280548	72790574
1733870461	2024-12-10 23:41:01	73280266	73280548	72790580
1733870521	2024-12-10 23:42:01	73280266	73280548	72790605
1733870581	2024-12-10 23:43:01	73280266	73280548	72790616
1733870641	2024-12-10 23:44:01	73280266	73280548	72790626
1733870701	2024-12-10 23:45:01	73280266	73280548	72790654
1733870761	2024-12-10 23:46:01	73280266	73280548	72790663
1733870821	2024-12-10 23:47:01	73280266	73280548	72790683
1733870881	2024-12-10 23:48:01	73280266	73280548	72790711
1733870941	2024-12-10 23:49:01	73280266	73280548	72790723
1733871001	2024-12-10 23:50:01	73280266	73280548	72790739
1733871061	2024-12-10 23:51:01	73280266	73280548	72790752
1733871121	2024-12-10 23:52:01	73280266	73280548	72790784
1733871181	2024-12-10 23:53:01	73280266	73280548	72790797
1733871241	2024-12-10 23:54:01	73280266	73280548	72790804
1733871301	2024-12-10 23:55:01	73280266	73280548	72790822
1733871362	2024-12-10 23:56:02	73280266	73280548	72790835
1733871421	2024-12-10 23:57:01	73280266	73280548	72790845
1733871481	2024-12-10 23:58:01	73280266	73280548	72790853
1733871541	2024-12-10 23:59:01	73280266	73280548	72790859
1733871601	2024-12-11 00:00:01	73280266	73280548	72790871
1733871661	2024-12-11 00:01:01	73280266	73280548	72790881
1733871721	2024-12-11 00:02:01	73280266	73280548	72790891
1733871782	2024-12-11 00:03:02	73280266	73280548	72790903
1733871841	2024-12-11 00:04:01	73280266	73280548	72790907
1733871901	2024-12-11 00:05:01	73280266	73280548	72790921
1733871961	2024-12-11 00:06:01	73280266	73280548	72790928
1733872021	2024-12-11 00:07:01	73280266	73280548	72790938
1733872081	2024-12-11 00:08:01	73280266	73280548	72790942
1733872141	2024-12-11 00:09:01	73280266	73280548	72790955
1733872202	2024-12-11 00:10:02	73280266	73280548	72790972
1733872261	2024-12-11 00:11:01	73280266	73280548	72790977
1733872321	2024-12-11 00:12:01	73280266	73280548	72790998
1733872381	2024-12-11 00:13:01	73280266	73280548	72791014
1733872441	2024-12-11 00:14:01	73280266	73280548	72791018
1733872501	2024-12-11 00:15:01	73280266	73280548	72791047
1733872561	2024-12-11 00:16:01	73280266	73280548	72791060
1733872622	2024-12-11 00:17:02	73280266	73280548	72791074
1733872681	2024-12-11 00:18:01	73280266	73280548	72791104
1733872741	2024-12-11 00:19:01	73280266	73280548	72791112
1733872801	2024-12-11 00:20:01	73280266	73280548	72791128
1733872861	2024-12-11 00:21:01	73280266	73280548	72791143
1733872921	2024-12-11 00:22:01	73280266	73280548	72791173
1733872981	2024-12-11 00:23:01	73280266	73280548	72791193
1733873042	2024-12-11 00:24:02	73280266	73280548	72791203
1733873101	2024-12-11 00:25:01	73280266	73280548	72791222
1733873161	2024-12-11 00:26:01	73280266	73280548	72791236
1733873221	2024-12-11 00:27:01	73280266	73280548	72791246
1733873281	2024-12-11 00:28:01	73280266	73280548	72791254
1733873341	2024-12-11 00:29:01	73280266	73280548	72791260
1733873401	2024-12-11 00:30:01	73280266	73280548	72791272
1733873462	2024-12-11 00:31:02	73280266	73280548	72791281
1733873521	2024-12-11 00:32:01	73280266	73280548	72791291
1733873581	2024-12-11 00:33:01	73280266	73280548	72791303
1733873641	2024-12-11 00:34:01	73280266	73280548	72791307
1733873701	2024-12-11 00:35:01	73280266	73280548	72791321
1733873761	2024-12-11 00:36:01	73280266	73280548	72791328
1733873821	2024-12-11 00:37:01	73280266	73280548	72791338
1733873882	2024-12-11 00:38:02	73280266	73280548	72791346
1733873941	2024-12-11 00:39:01	73280266	73280548	72791352
1733874001	2024-12-11 00:40:01	73280266	73280548	72791368
1733874061	2024-12-11 00:41:01	73280266	73280548	72791373
1733874121	2024-12-11 00:42:01	73280266	73280548	72791383
1733874181	2024-12-11 00:43:01	73280266	73280548	72791396
1733874241	2024-12-11 00:44:01	73280266	73280548	72791404
1733874301	2024-12-11 00:45:01	73280266	73280548	72791418
1733874362	2024-12-11 00:46:02	73280266	73280548	72791425
1733874421	2024-12-11 00:47:01	73280266	73280548	72791435
1733874481	2024-12-11 00:48:01	73280266	73280548	72791443
1733874541	2024-12-11 00:49:01	73280266	73280548	72791449
1733874601	2024-12-11 00:50:01	73280266	73280548	72791465
1733874661	2024-12-11 00:51:01	73280266	73280548	72791470
1733874721	2024-12-11 00:52:01	73280266	73280548	72791480
1733874782	2024-12-11 00:53:02	73280266	73280548	72791492
1733874841	2024-12-11 00:54:01	73280266	73280548	72791496
1733874901	2024-12-11 00:55:01	73280266	73280548	72791510
1733874961	2024-12-11 00:56:01	73280266	73280548	72791517
1733875021	2024-12-11 00:57:01	73280266	73280548	72791527
1733875081	2024-12-11 00:58:01	73280266	73280548	72791535
1733875141	2024-12-11 00:59:01	73280266	73280548	72791547
1733875202	2024-12-11 01:00:02	73280266	73280548	72791557
1733875261	2024-12-11 01:01:01	73280266	73280548	72791566
1733875321	2024-12-11 01:02:01	73280266	73280548	72791572
1733875381	2024-12-11 01:03:01	73280266	73280548	72791584
1733875441	2024-12-11 01:04:01	73280266	73280548	72791594
1733875501	2024-12-11 01:05:01	73280266	73280548	72791618
1733875561	2024-12-11 01:06:01	73280266	73280548	72791628
1733875622	2024-12-11 01:07:02	73280266	73280548	72791640
1733875681	2024-12-11 01:08:01	73280266	73280548	72791654
1733875741	2024-12-11 01:09:01	73280266	73280548	72791677
1733875801	2024-12-11 01:10:01	73280266	73280548	72791687
1733875861	2024-12-11 01:11:01	73280266	73280548	72791700
1733875921	2024-12-11 01:12:01	73280266	73280548	72791707
1733875981	2024-12-11 01:13:01	73280266	73280548	72791733
1733876041	2024-12-11 01:14:01	73280266	73280548	72791743
1733876101	2024-12-11 01:15:01	73280266	73280548	72791757
1733876161	2024-12-11 01:16:01	73280266	73280548	72791770
1733876221	2024-12-11 01:17:01	73280266	73280548	72791785
1733876281	2024-12-11 01:18:01	73280266	73280548	72791799
1733876341	2024-12-11 01:19:01	73280266	73280548	72791805
1733876401	2024-12-11 01:20:01	73280266	73280548	72791815
1733876461	2024-12-11 01:21:01	73280266	73280548	72791824
1733876521	2024-12-11 01:22:01	73280266	73280548	72791830
1733876581	2024-12-11 01:23:01	73280266	73280548	72791846
1733876641	2024-12-11 01:24:01	73280266	73280548	72791850
1733876701	2024-12-11 01:25:01	73280266	73280548	72791860
1733876761	2024-12-11 01:26:01	73280266	73280548	72791873
1733876821	2024-12-11 01:27:01	73280266	73280548	72791877
1733876881	2024-12-11 01:28:01	73280266	73280548	72791891
1733876942	2024-12-11 01:29:02	73280266	73280548	72791897
1733877001	2024-12-11 01:30:01	73280266	73280548	72791907
1733877061	2024-12-11 01:31:01	73280266	73280548	72791916
1733877121	2024-12-11 01:32:01	73280266	73280548	72791922
1733877181	2024-12-11 01:33:01	73280266	73280548	72791938
1733877242	2024-12-11 01:34:02	73280266	73280548	72791942
1733877301	2024-12-11 01:35:01	73280266	73280548	72791952
1733877361	2024-12-11 01:36:01	73280266	73280548	72791965
1733877422	2024-12-11 01:37:02	73280266	73280548	72791969
1733877481	2024-12-11 01:38:01	73280266	73280548	72791983
1733877541	2024-12-11 01:39:01	73280266	73280548	72791989
1733877601	2024-12-11 01:40:01	73280266	73280548	72791999
1733877661	2024-12-11 01:41:01	73280266	73280548	72792008
1733877721	2024-12-11 01:42:01	73280266	73280548	72792014
1733877781	2024-12-11 01:43:01	73280266	73280548	72792030
1733877842	2024-12-11 01:44:02	73280266	73280548	72792035
1733877901	2024-12-11 01:45:01	73280266	73280548	72792045
1733877961	2024-12-11 01:46:01	73280266	73280548	72792058
1733878021	2024-12-11 01:47:01	73280266	73280548	72792064
1733878081	2024-12-11 01:48:01	73280266	73280548	72792080
1733878141	2024-12-11 01:49:01	73280266	73280548	72792091
1733878201	2024-12-11 01:50:01	73280266	73280548	72792101
1733878262	2024-12-11 01:51:02	73280266	73280548	72792110
1733878321	2024-12-11 01:52:01	73280266	73280548	72792113
1733878381	2024-12-11 01:53:01	73280266	73280548	72792132
1733878441	2024-12-11 01:54:01	73280266	73280548	72792136
1733878501	2024-12-11 01:55:01	73280266	73280548	72792142
1733878561	2024-12-11 01:56:01	73280266	73280548	72792158
1733878621	2024-12-11 01:57:01	73280266	73280548	72792162
1733878682	2024-12-11 01:58:02	73280266	73280548	72792172
1733878741	2024-12-11 01:59:01	73280266	73280548	72792178
1733878801	2024-12-11 02:00:01	73280266	73280548	72792191
1733878861	2024-12-11 02:01:01	73280266	73280548	72792205
1733878921	2024-12-11 02:02:01	73280266	73280548	72792205
1733878981	2024-12-11 02:03:01	73280266	73280548	72792224
1733879041	2024-12-11 02:04:01	73280266	73280548	72792224
1733879101	2024-12-11 02:05:01	73280266	73280548	72792234
1733879161	2024-12-11 02:06:01	73280266	73280548	72792254
1733879221	2024-12-11 02:07:01	73280266	73280548	72792258
1733879281	2024-12-11 02:08:01	73280266	73280548	72792264
1733879341	2024-12-11 02:09:01	73280266	73280548	72792276
1733879401	2024-12-11 02:10:01	73280266	73280548	72792280
1733879461	2024-12-11 02:11:01	73280266	73280548	72792292
1733879521	2024-12-11 02:12:01	73280266	73280548	72792301
1733879582	2024-12-11 02:13:02	73280266	73280548	72792311
1733879641	2024-12-11 02:14:01	73280266	73280548	72792319
1733879701	2024-12-11 02:15:01	73280266	73280548	72792325
1733879761	2024-12-11 02:16:01	73280266	73280548	72792342
1733879821	2024-12-11 02:17:01	73280266	73280548	72792342
1733879881	2024-12-11 02:18:01	73280266	73280548	72792356
1733879941	2024-12-11 02:19:01	73280266	73280548	72792368
1733880002	2024-12-11 02:20:02	73280266	73280548	72792372
1733880061	2024-12-11 02:21:01	73280266	73280548	72792383
1733880121	2024-12-11 02:22:01	73280266	73280548	72792389
1733880181	2024-12-11 02:23:01	73280266	73280548	72792401
1733880241	2024-12-11 02:24:01	73280266	73280548	72792419
1733880301	2024-12-11 02:25:01	73280266	73280548	72792425
1733880361	2024-12-11 02:26:01	73280266	73280548	72792453
1733880422	2024-12-11 02:27:02	73280266	73280548	72792461
1733880481	2024-12-11 02:28:01	73280266	73280548	72792471
1733880541	2024-12-11 02:29:01	73280266	73280548	72792494
1733880601	2024-12-11 02:30:01	73280266	73280548	72792498
1733880661	2024-12-11 02:31:01	73280266	73280548	72792513
1733880721	2024-12-11 02:32:01	73280266	73280548	72792519
1733880781	2024-12-11 02:33:01	73280266	73280548	72792529
1733880842	2024-12-11 02:34:02	73280266	73280548	72792537
1733880901	2024-12-11 02:35:01	73280266	73280548	72792543
1733880961	2024-12-11 02:36:01	73280266	73280548	72792560
1733881021	2024-12-11 02:37:01	73280266	73280548	72792564
1733881081	2024-12-11 02:38:01	73280266	73280548	72792574
1733881141	2024-12-11 02:39:01	73280266	73280548	72792586
1733881201	2024-12-11 02:40:01	73280266	73280548	72792590
1733881261	2024-12-11 02:41:01	73280266	73280548	72792605
1733881321	2024-12-11 02:42:01	73280266	73280548	72792611
1733881381	2024-12-11 02:43:01	73280266	73280548	72792621
1733881441	2024-12-11 02:44:01	73280266	73280548	72792629
1733881501	2024-12-11 02:45:01	73280266	73280548	72792638
1733881561	2024-12-11 02:46:01	73280266	73280548	72792652
1733881621	2024-12-11 02:47:01	73280266	73280548	72792660
1733881681	2024-12-11 02:48:01	73280266	73280548	72792666
1733881742	2024-12-11 02:49:02	73280266	73280548	72792678
1733881801	2024-12-11 02:50:01	73280266	73280548	72792686
1733881861	2024-12-11 02:51:01	73280266	73280548	72792697
1733881921	2024-12-11 02:52:01	73280266	73280548	72792709
1733881981	2024-12-11 02:53:01	73280266	73280548	72792713
1733882041	2024-12-11 02:54:01	73280266	73280548	72792730
1733882101	2024-12-11 02:55:01	73280266	73280548	72792749
1733882161	2024-12-11 02:56:01	73280266	73280548	72792760
1733882221	2024-12-11 02:57:01	73280266	73280548	72792772
1733882281	2024-12-11 02:58:01	73280266	73280548	72792778
1733882341	2024-12-11 02:59:01	73280266	73280548	72792801
1733882401	2024-12-11 03:00:01	73280266	73280548	72792805
1733882461	2024-12-11 03:01:01	73280266	73280548	72792816
1733882521	2024-12-11 03:02:01	73280266	73280548	72792828
1733882581	2024-12-11 03:03:01	73280266	73280548	72792832
1733882642	2024-12-11 03:04:02	73280266	73280548	72792846
1733882701	2024-12-11 03:05:01	73280266	73280548	72792852
1733882761	2024-12-11 03:06:01	73280266	73280548	72792863
1733882821	2024-12-11 03:07:01	73280266	73280548	72792871
1733882881	2024-12-11 03:08:01	73280266	73280548	72792877
1733882941	2024-12-11 03:09:01	73280266	73280548	72792893
1733883001	2024-12-11 03:10:01	73280266	73280548	72792901
1733883062	2024-12-11 03:11:02	73280266	73280548	72792912
1733883121	2024-12-11 03:12:01	73280266	73280548	72792924
1733883181	2024-12-11 03:13:01	73280266	73280548	72792928
1733883241	2024-12-11 03:14:01	73280266	73280548	72792939
1733883301	2024-12-11 03:15:01	73280266	73280548	72792954
1733883361	2024-12-11 03:16:01	73280266	73280548	72792959
1733883421	2024-12-11 03:17:01	73280266	73280548	72792969
1733883482	2024-12-11 03:18:02	73280266	73280548	72792975
1733883541	2024-12-11 03:19:01	73280266	73280548	72793001
1733883601	2024-12-11 03:20:01	73280266	73280548	72793014
1733883661	2024-12-11 03:21:01	73280266	73280548	72793025
1733883721	2024-12-11 03:22:01	73280266	73280548	72793041
1733883781	2024-12-11 03:23:01	73280266	73280548	72793045
1733883841	2024-12-11 03:24:01	73280266	73280548	72793065
1733883902	2024-12-11 03:25:02	73280266	73280548	72793083
1733883961	2024-12-11 03:26:01	73280266	73280548	72793088
1733884021	2024-12-11 03:27:01	73280266	73280548	72793097
1733884081	2024-12-11 03:28:01	73280266	73280548	72793103
1733884141	2024-12-11 03:29:01	73280266	73280548	72793115
1733884201	2024-12-11 03:30:01	73280266	73280548	72793119
1733884261	2024-12-11 03:31:01	73280266	73280548	72793126
1733884322	2024-12-11 03:32:02	73280266	73280548	72793138
1733884381	2024-12-11 03:33:01	73280266	73280548	72793146
1733884441	2024-12-11 03:34:01	73280266	73280548	72793158
1733884501	2024-12-11 03:35:01	73280266	73280548	72793170
1733884561	2024-12-11 03:36:01	73280266	73280548	72793172
1733884621	2024-12-11 03:37:01	73280266	73280548	72793180
1733884681	2024-12-11 03:38:01	73280266	73280548	72793192
1733884742	2024-12-11 03:39:02	73280266	73280548	72793202
1733884801	2024-12-11 03:40:01	73280266	73280548	72793210
1733884861	2024-12-11 03:41:01	73280266	73280548	72793217
1733884921	2024-12-11 03:42:01	73280266	73280548	72793229
1733884981	2024-12-11 03:43:01	73280266	73280548	72793237
1733885041	2024-12-11 03:44:01	73280266	73280548	72793247
1733885101	2024-12-11 03:45:01	73280266	73280548	72793259
1733885162	2024-12-11 03:46:02	73280266	73280548	72793264
1733885221	2024-12-11 03:47:01	73280266	73280548	72793272
1733885281	2024-12-11 03:48:01	73280266	73280548	72793284
1733885341	2024-12-11 03:49:01	73280266	73280548	72793294
1733885401	2024-12-11 03:50:01	73280266	73280548	72793302
1733885461	2024-12-11 03:51:01	73280266	73280548	72793309
1733885521	2024-12-11 03:52:01	73280266	73280548	72793321
1733885582	2024-12-11 03:53:02	73280266	73280548	72793329
1733885641	2024-12-11 03:54:01	73280266	73280548	72793339
1733885701	2024-12-11 03:55:01	73280266	73280548	72793351
1733885761	2024-12-11 03:56:01	73280266	73280548	72793356
1733885821	2024-12-11 03:57:01	73280266	73280548	72793363
1733885881	2024-12-11 03:58:01	73280266	73280548	72793375
1733885941	2024-12-11 03:59:01	73280266	73280548	72793382
1733886002	2024-12-11 04:00:02	73280266	73280548	72793390
1733886061	2024-12-11 04:01:01	73280266	73280548	72793397
1733886121	2024-12-11 04:02:01	73280266	73280548	72793409
1733886181	2024-12-11 04:03:01	73280266	73280548	72793417
1733886241	2024-12-11 04:04:01	73280266	73280548	72793427
1733886301	2024-12-11 04:05:01	73280266	73280548	72793439
1733886361	2024-12-11 04:06:01	73280266	73280548	72793444
1733886421	2024-12-11 04:07:01	73280266	73280548	72793458
1733886481	2024-12-11 04:08:01	73280266	73280548	72793470
1733886541	2024-12-11 04:09:01	73280266	73280548	72793474
1733886601	2024-12-11 04:10:01	73280266	73280548	72793482
1733886661	2024-12-11 04:11:01	73280266	73280548	72793495
1733886721	2024-12-11 04:12:01	73280266	73280548	72793505
1733886781	2024-12-11 04:13:01	73280266	73280548	72793513
1733886841	2024-12-11 04:14:01	73280266	73280548	72793519
1733886902	2024-12-11 04:15:02	73280266	73280548	72793531
1733886961	2024-12-11 04:16:01	73280266	73280548	72793540
1733887021	2024-12-11 04:17:01	73280266	73280548	72793547
1733887081	2024-12-11 04:18:01	73280266	73280548	72793562
1733887141	2024-12-11 04:19:01	73280266	73280548	72793566
1733887201	2024-12-11 04:20:01	73280266	73280548	72793574
1733887261	2024-12-11 04:21:01	73280266	73280548	72793587
1733887321	2024-12-11 04:22:01	73280266	73280548	72793593
1733887381	2024-12-11 04:23:01	73280266	73280548	72793597
1733887441	2024-12-11 04:24:01	73280266	73280548	72793607
1733887501	2024-12-11 04:25:01	73280266	73280548	72793619
1733887561	2024-12-11 04:26:01	73280266	73280548	72793628
1733887621	2024-12-11 04:27:01	73280266	73280548	72793638
1733887681	2024-12-11 04:28:01	73280266	73280548	72793650
1733887741	2024-12-11 04:29:01	73280266	73280548	72793654
1733887801	2024-12-11 04:30:01	73280266	73280548	72793662
1733887861	2024-12-11 04:31:01	73280266	73280548	72793675
1733887921	2024-12-11 04:32:01	73280266	73280548	72793685
1733887981	2024-12-11 04:33:01	73280266	73280548	72793693
1733888041	2024-12-11 04:34:01	73280266	73280548	72793705
1733888101	2024-12-11 04:35:01	73280266	73280548	72793727
1733888161	2024-12-11 04:36:01	73280266	73280548	72793736
1733888221	2024-12-11 04:37:01	73280266	73280548	72793751
1733888281	2024-12-11 04:38:01	73280266	73280548	72793763
1733888341	2024-12-11 04:39:01	73280266	73280548	72793778
1733888401	2024-12-11 04:40:01	73280266	73280548	72793786
1733888461	2024-12-11 04:41:01	73280266	73280548	72793799
1733888521	2024-12-11 04:42:02	73280266	73280548	72793809
1733888581	2024-12-11 04:43:01	73280266	73280548	72793817
1733888641	2024-12-11 04:44:01	73280266	73280548	72793823
1733888701	2024-12-11 04:45:01	73280266	73280548	72793838
1733888761	2024-12-11 04:46:01	73280266	73280548	72793839
1733888821	2024-12-11 04:47:01	73280266	73280548	72793845
1733888881	2024-12-11 04:48:01	73280266	73280548	72793857
1733888941	2024-12-11 04:49:01	73280266	73280548	72793861
1733889002	2024-12-11 04:50:02	73280266	73280548	72793869
1733889061	2024-12-11 04:51:01	73280266	73280548	72793882
1733889121	2024-12-11 04:52:01	73280266	73280548	72793892
1733889181	2024-12-11 04:53:01	73280266	73280548	72793900
1733889241	2024-12-11 04:54:01	73280266	73280548	72793906
1733889301	2024-12-11 04:55:01	73280266	73280548	72793918
1733889361	2024-12-11 04:56:01	73280266	73280548	72793927
1733889422	2024-12-11 04:57:02	73280266	73280548	72793933
1733889481	2024-12-11 04:58:01	73280266	73280548	72793945
1733889541	2024-12-11 04:59:01	73280266	73280548	72793949
1733889601	2024-12-11 05:00:01	73280266	73280548	72793957
1733889661	2024-12-11 05:01:01	73280266	73280548	72793970
1733889721	2024-12-11 05:02:01	73280266	73280548	72793980
1733889781	2024-12-11 05:03:01	73280266	73280548	72793984
1733889842	2024-12-11 05:04:02	73280266	73280548	72793996
1733889901	2024-12-11 05:05:01	73280266	73280548	72794009
1733889961	2024-12-11 05:06:01	73280266	73280548	72794014
1733890021	2024-12-11 05:07:01	73280266	73280548	72794020
1733890081	2024-12-11 05:08:01	73280266	73280548	72794032
1733890141	2024-12-11 05:09:01	73280266	73280548	72794033
1733890201	2024-12-11 05:10:01	73280266	73280548	72794043
1733890261	2024-12-11 05:11:01	73280266	73280548	72794059
1733890321	2024-12-11 05:12:01	73280266	73280548	72794063
1733890381	2024-12-11 05:13:01	73280266	73280548	72794067
1733890441	2024-12-11 05:14:01	73280266	73280548	72794079
1733890501	2024-12-11 05:15:01	73280266	73280548	72794089
1733890561	2024-12-11 05:16:01	73280266	73280548	72794094
1733890621	2024-12-11 05:17:01	73280266	73280548	72794100
1733890681	2024-12-11 05:18:01	73280266	73280548	72794113
1733890742	2024-12-11 05:19:02	73280266	73280548	72794121
1733890801	2024-12-11 05:20:01	73280266	73280548	72794127
1733890861	2024-12-11 05:21:01	73280266	73280548	72794140
1733890921	2024-12-11 05:22:01	73280266	73280548	72794144
1733890981	2024-12-11 05:23:01	73280266	73280548	72794162
1733891041	2024-12-11 05:24:01	73280266	73280548	72794182
1733891101	2024-12-11 05:25:01	73280266	73280548	72794195
1733891162	2024-12-11 05:26:02	73280266	73280548	72794214
1733891221	2024-12-11 05:27:01	73280266	73280548	72794221
1733891281	2024-12-11 05:28:01	73280266	73280548	72794244
1733891341	2024-12-11 05:29:01	73280266	73280548	72794262
1733891401	2024-12-11 05:30:01	73280266	73280548	72794272
1733891461	2024-12-11 05:31:01	73280266	73280548	72794296
1733891521	2024-12-11 05:32:01	73280266	73280548	72794300
1733891582	2024-12-11 05:33:02	73280266	73280548	72794318
1733891641	2024-12-11 05:34:01	73280266	73280548	72794341
1733891701	2024-12-11 05:35:01	73280266	73280548	72794357
1733891761	2024-12-11 05:36:01	73280266	73280548	72794377
1733891821	2024-12-11 05:37:01	73280266	73280548	72794387
1733891881	2024-12-11 05:38:01	73280266	73280548	72794424
1733891941	2024-12-11 05:39:01	73280266	73280548	72794446
1733892002	2024-12-11 05:40:02	73280266	73280548	72794460
1733892061	2024-12-11 05:41:01	73280266	73280548	72794477
1733892121	2024-12-11 05:42:01	73280266	73279732	72794498
1733892181	2024-12-11 05:43:01	73280266	73284653	72794539
1733892241	2024-12-11 05:44:01	73280266	73284692	72794587
1733892301	2024-12-11 05:45:01	73280266	73284754	72794637
1733892361	2024-12-11 05:46:01	73280266	73284784	72794672
1733892422	2024-12-11 05:47:02	73280266	73284814	72794698
1733892481	2024-12-11 05:48:01	73280266	73284847	72794737
1733892541	2024-12-11 05:49:01	73280266	73284867	72794767
1733892601	2024-12-11 05:50:01	73280266	73284899	72794796
1733892661	2024-12-11 05:51:01	73280266	73284931	72794815
1733892721	2024-12-11 05:52:01	73280266	73284966	72794856
1733892781	2024-12-11 05:53:01	73280266	73284992	72794882
1733892842	2024-12-11 05:54:02	73280266	73285030	72794920
1733892901	2024-12-11 05:55:01	73280266	73285059	72794943
1733892961	2024-12-11 05:56:01	73280266	73285076	72794976
1733893021	2024-12-11 05:57:01	73280266	73285108	72795005
1733893081	2024-12-11 05:58:01	73280266	73285140	72795031
1733893141	2024-12-11 05:59:01	73284872	73285169	72795053
1733893201	2024-12-11 06:00:01	73284904	73285201	72795085
1733893261	2024-12-11 06:01:01	73284937	73285234	72795134
1733893321	2024-12-11 06:02:01	73284973	73285266	72795160
1733893381	2024-12-11 06:03:01	73285011	73285292	72795192
1733893441	2024-12-11 06:04:01	73285029	73285339	72795229
1733893501	2024-12-11 06:05:01	73285070	73285373	72795263
1733893561	2024-12-11 06:06:01	73285106	73285409	72795293
1733893621	2024-12-11 06:07:01	73285134	73285441	72795331
1733893681	2024-12-11 06:08:01	73285172	73285475	72795367
1733893742	2024-12-11 06:09:02	73285208	73285505	72795408
1733893801	2024-12-11 06:10:01	73285253	73285552	72795440
1733893861	2024-12-11 06:11:01	73285281	73285577	72795472
1733893921	2024-12-11 06:12:01	73285321	73285619	72795508
1733893981	2024-12-11 06:13:01	73285346	73285651	72795543
1733894041	2024-12-11 06:14:01	73285403	73285691	72795587
1733894101	2024-12-11 06:15:01	73285453	73285751	72795650
1733894162	2024-12-11 06:16:02	73285505	73285808	72795696
1733894221	2024-12-11 06:17:01	73285571	73285852	72795763
1733894281	2024-12-11 06:18:01	73285593	73285895	72795791
1733894341	2024-12-11 06:19:01	73285632	73285926	72795832
1733894401	2024-12-11 06:20:01	73285668	73285966	72795867
1733894461	2024-12-11 06:21:01	73285714	73286013	72795903
1733894521	2024-12-11 06:22:01	73285741	73286041	72795931
1733894582	2024-12-11 06:23:02	73285770	73286072	72795978
1733894641	2024-12-11 06:24:01	73285814	73286113	72796004
1733894701	2024-12-11 06:25:01	73285844	73286146	72796041
1733894761	2024-12-11 06:26:01	73285884	73286182	72796074
1733894821	2024-12-11 06:27:01	73285904	73286215	72796107
1733894881	2024-12-11 06:28:01	73285950	73286248	72796140
1733894941	2024-12-11 06:29:01	73285982	73286264	72796182
1733895002	2024-12-11 06:30:02	73286020	73286302	72796213
1733895061	2024-12-11 06:31:01	73286054	73286358	72796270
1733895121	2024-12-11 06:32:01	73286103	73286401	72796312
1733895181	2024-12-11 06:33:01	73286159	73286444	72796351
1733895241	2024-12-11 06:34:01	73286209	73286507	72796419
1733895301	2024-12-11 06:35:01	73286250	73286565	72796468
1733895361	2024-12-11 06:36:01	73286322	73286619	72796523
1733895421	2024-12-11 06:37:01	73286374	73286670	72796582
1733895481	2024-12-11 06:38:01	73286421	73286720	72796629
1733895541	2024-12-11 06:39:01	73286449	73286747	72796658
1733895601	2024-12-11 06:40:01	73286500	73286805	72796703
1733895661	2024-12-11 06:41:01	73286548	73286854	72796749
1733895721	2024-12-11 06:42:01	73286600	73286891	72796816
1733895781	2024-12-11 06:43:01	73286637	73286922	72796854
1733895841	2024-12-11 06:44:01	73286739	73287033	72796938
1733895902	2024-12-11 06:45:02	73286785	73287076	72796991
1733895961	2024-12-11 06:46:01	73286824	73287128	72797029
1733896021	2024-12-11 06:47:01	73286870	73287174	72797072
1733896081	2024-12-11 06:48:01	73286912	73287212	72797110
1733896141	2024-12-11 06:49:01	73286944	73287244	72797145
1733896201	2024-12-11 06:50:01	73286976	73287276	72797181
1733896261	2024-12-11 06:51:01	73287021	73287321	72797219
1733896322	2024-12-11 06:52:02	73287043	73287343	72797263
1733896381	2024-12-11 06:53:01	73287099	73287394	72797307
1733896441	2024-12-11 06:54:01	73287142	73287453	72797360
1733896501	2024-12-11 06:55:01	73287188	73287498	72797402
1733896561	2024-12-11 06:56:01	73287234	73287524	72797435
1733896621	2024-12-11 06:57:01	73287266	73287563	72797465
1733896681	2024-12-11 06:58:01	73287299	73287607	72797505
1733896742	2024-12-11 06:59:02	73287325	73287629	72797540
1733896801	2024-12-11 07:00:01	73287376	73287677	72797575
1733896861	2024-12-11 07:01:01	73287396	73287697	72797608
1733896921	2024-12-11 07:02:01	73287440	73287756	72797658
1733896981	2024-12-11 07:03:01	73287523	73287791	72797722
1733897041	2024-12-11 07:04:01	73287560	73287853	72797767
1733897101	2024-12-11 07:05:01	73287617	73287929	72797831
1733897162	2024-12-11 07:06:02	73287661	73287960	72797862
1733897221	2024-12-11 07:07:01	73287705	73287991	72797906
1733897281	2024-12-11 07:08:01	73287734	73288032	72797936
1733897341	2024-12-11 07:09:01	73287768	73288066	72797976
1733897401	2024-12-11 07:10:01	73287801	73288091	72798014
1733897461	2024-12-11 07:11:01	73287841	73288143	72798048
1733897521	2024-12-11 07:12:01	73287863	73288166	72798071
1733897582	2024-12-11 07:13:02	73287917	73288186	72798118
1733897641	2024-12-11 07:14:01	73287956	73288238	72798157
1733897701	2024-12-11 07:15:01	73287987	73288292	72798204
1733897761	2024-12-11 07:16:01	73288026	73288334	72798246
1733897821	2024-12-11 07:17:01	73288070	73288366	72798282
1733897881	2024-12-11 07:18:01	73288115	73288404	72798320
1733897941	2024-12-11 07:19:01	73288143	73288446	72798356
1733898002	2024-12-11 07:20:02	73288181	73288478	72798390
1733898061	2024-12-11 07:21:01	73288211	73288518	72798427
1733898121	2024-12-11 07:22:01	73288264	73288561	72798483
1733898181	2024-12-11 07:23:01	73288300	73288618	72798525
1733898241	2024-12-11 07:24:01	73288376	73288653	72798586
1733898301	2024-12-11 07:25:01	73288410	73288730	72798644
1733898361	2024-12-11 07:26:01	73288491	73288777	72798686
1733898422	2024-12-11 07:27:02	73288532	73288828	72798748
1733898481	2024-12-11 07:28:01	73288568	73288872	72798793
1733898541	2024-12-11 07:29:01	73288641	73288909	72798846
1733898601	2024-12-11 07:30:01	73288685	73288980	72798890
1733898661	2024-12-11 07:31:01	73288748	73289028	72798953
1733898721	2024-12-11 07:32:01	73288801	73289097	72799013
1733898781	2024-12-11 07:33:01	73288842	73289126	72799051
1733898842	2024-12-11 07:34:02	73288873	73289169	72799092
1733898901	2024-12-11 07:35:01	73288918	73289204	72799124
1733898961	2024-12-11 07:36:01	73288938	73289252	72799162
1733899021	2024-12-11 07:37:01	73288971	73289282	72799193
1733899081	2024-12-11 07:38:01	73289014	73289310	72799221
1733899141	2024-12-11 07:39:01	73289049	73289345	72799261
1733899201	2024-12-11 07:40:01	73289078	73289374	72799288
1733899262	2024-12-11 07:41:02	73289116	73289412	72799339
1733899321	2024-12-11 07:42:01	73289152	73289448	72799371
1733899381	2024-12-11 07:43:01	73289188	73289490	72799409
1733899441	2024-12-11 07:44:01	73289230	73289523	72799448
1733899501	2024-12-11 07:45:01	73289262	73289571	72799489
1733899561	2024-12-11 07:46:01	73289312	73289606	72799527
1733899621	2024-12-11 07:47:01	73289352	73289639	72799563
1733899681	2024-12-11 07:48:01	73289398	73289701	72799617
1733899741	2024-12-11 07:49:01	73289442	73289739	72799652
1733899801	2024-12-11 07:50:01	73289480	73289777	72799704
1733899861	2024-12-11 07:51:01	73289535	73289833	72799757
1733899921	2024-12-11 07:52:01	73289602	73289884	72799829
1733899981	2024-12-11 07:53:01	73289641	73289947	72799870
1733900041	2024-12-11 07:54:01	73289700	73289998	72799921
1733900101	2024-12-11 07:55:01	73289744	73290042	72799957
1733900161	2024-12-11 07:56:01	73289773	73290077	72800009
1733900221	2024-12-11 07:57:01	73289827	73290141	72800064
1733900281	2024-12-11 07:58:01	73289882	73290180	72800105
1733900341	2024-12-11 07:59:01	73289915	73290213	72800133
1733900401	2024-12-11 08:00:01	73289980	73290293	72800224
1733900461	2024-12-11 08:01:01	73290074	73290350	72800297
1733900522	2024-12-11 08:02:02	73290144	73290440	72800360
1733900581	2024-12-11 08:03:01	73290178	73290489	72800416
1733900641	2024-12-11 08:04:01	73290261	73290544	72800485
1733900701	2024-12-11 08:05:01	73290331	73290614	72800549
1733900762	2024-12-11 08:06:02	73290395	73290693	72800622
1733900821	2024-12-11 08:07:01	73290470	73290765	72800717
1733900881	2024-12-11 08:08:01	73290567	73290879	72800810
1733900941	2024-12-11 08:09:01	73290699	73291005	72800945
1733901001	2024-12-11 08:10:01	73290805	73291096	72801030
1733901061	2024-12-11 08:11:01	73290885	73291176	72801112
1733901121	2024-12-11 08:12:01	73290961	73291254	72801200
1733901181	2024-12-11 08:13:01	73291017	73291308	72801264
1733901241	2024-12-11 08:14:01	73291063	73291358	72801304
1733901301	2024-12-11 08:15:01	73291156	73291429	72801390
1733901361	2024-12-11 08:16:01	73291225	73291517	72801475
1733901421	2024-12-11 08:17:01	73291308	73291604	72801551
1733901481	2024-12-11 08:18:01	73291380	73291656	72801617
1733901541	2024-12-11 08:19:01	73291463	73291748	72801704
1733901601	2024-12-11 08:20:01	73291525	73291819	72801766
1733901661	2024-12-11 08:21:01	73291609	73291866	72801848
1733901721	2024-12-11 08:22:01	73291676	73291971	72801916
1733901781	2024-12-11 08:23:01	73291724	73292009	72801964
1733901841	2024-12-11 08:24:01	73291764	73292071	72802015
1733901901	2024-12-11 08:25:01	73291840	73292124	72802080
1733901961	2024-12-11 08:26:01	73291925	73292224	72802169
1733902021	2024-12-11 08:27:01	73292024	73292318	72802276
1733902082	2024-12-11 08:28:02	73292143	73292460	72802442
1733902141	2024-12-11 08:29:01	73292304	73292620	72802575
1733902201	2024-12-11 08:30:01	73292403	73292737	72802685
1733902261	2024-12-11 08:31:01	73292544	73292852	72802801
1733902321	2024-12-11 08:32:01	73292598	73292914	72802869
1733902381	2024-12-11 08:33:01	73292696	73293002	72802992
1733902441	2024-12-11 08:34:01	73292806	73293103	72803093
1733902502	2024-12-11 08:35:02	73292942	73293274	72803240
1733902561	2024-12-11 08:36:01	73293077	73293409	72803373
1733902621	2024-12-11 08:37:01	73293213	73293539	72803498
1733902681	2024-12-11 08:38:01	73293311	73293674	72803640
1733902741	2024-12-11 08:39:01	73293593	73293896	72803858
1733902801	2024-12-11 08:40:01	73293804	73294087	72804079
1733902861	2024-12-11 08:41:01	73294065	73294367	72804333
1733902921	2024-12-11 08:42:01	73294252	73294554	72804568
1733902981	2024-12-11 08:43:01	73294480	73294744	72804751
1733903041	2024-12-11 08:44:01	73294636	73294936	72804915
1733903101	2024-12-11 08:45:01	73294825	73295139	72805107
1733903161	2024-12-11 08:46:01	73294975	73295271	72805249
1733903221	2024-12-11 08:47:01	73295060	73295343	72805336
1733903281	2024-12-11 08:48:01	73295141	73295435	72805427
1733903341	2024-12-11 08:49:01	73295269	73295543	72805527
1733903402	2024-12-11 08:50:02	73295358	73295656	72805635
1733903461	2024-12-11 08:51:01	73295428	73295735	72805705
1733903521	2024-12-11 08:52:01	73295486	73295817	72805801
1733903581	2024-12-11 08:53:01	73295567	73295897	72805883
1733903641	2024-12-11 08:54:01	73295674	73295975	72805955
1733903701	2024-12-11 08:55:01	73295778	73296099	72806095
1733903761	2024-12-11 08:56:01	73295900	73296205	72806186
1733903822	2024-12-11 08:57:02	73295986	73296338	72806335
1733903881	2024-12-11 08:58:01	73296164	73296466	72806526
1733903941	2024-12-11 08:59:01	73296353	73296664	72806651
1733904001	2024-12-11 09:00:01	73296465	73296786	72806768
1733904061	2024-12-11 09:01:01	73296563	73296863	72806873
1733904121	2024-12-11 09:02:01	73296675	73296998	72807019
1733904181	2024-12-11 09:03:01	73296800	73297134	72807137
1733904242	2024-12-11 09:04:02	73296966	73297281	72807275
1733904301	2024-12-11 09:05:01	73297043	73297377	72807374
1733904361	2024-12-11 09:06:01	73297150	73297461	72807476
1733904421	2024-12-11 09:07:01	73297239	73297555	72807560
1733904481	2024-12-11 09:08:01	73297336	73297664	72807645
1733904541	2024-12-11 09:09:01	73297443	73297765	72807763
1733904601	2024-12-11 09:10:01	73297511	73297835	72807846
1733904662	2024-12-11 09:11:02	73297580	73297938	72807933
1733904721	2024-12-11 09:12:01	73297717	73298026	72808042
1733904781	2024-12-11 09:13:01	73297760	73298155	72808157
1733904841	2024-12-11 09:14:01	73297906	73298283	72808278
1733904901	2024-12-11 09:15:01	73298062	73298385	72808395
1733904961	2024-12-11 09:16:01	73298152	73298510	72808518
1733905021	2024-12-11 09:17:01	73298210	73298586	72808603
1733905082	2024-12-11 09:18:02	73298337	73298684	72808693
1733905141	2024-12-11 09:19:01	73298492	73298797	72808846
1733905201	2024-12-11 09:20:01	73298591	73298926	72808936
1733905261	2024-12-11 09:21:01	73298717	73299046	72809047
1733905321	2024-12-11 09:22:01	73298760	73299110	72809143
1733905381	2024-12-11 09:23:01	73298894	73299141	72809226
1733905441	2024-12-11 09:24:01	73299008	73299343	72809398
1733905501	2024-12-11 09:25:02	73299098	73299502	72809550
1733905561	2024-12-11 09:26:01	73299291	73299641	72809701
1733905621	2024-12-11 09:27:01	73299434	73299776	72809809
1733905681	2024-12-11 09:28:01	73299484	73299824	72809832
1733905741	2024-12-11 09:29:01	73299497	73299839	72809846
1733905801	2024-12-11 09:30:01	73299536	73299957	72809982
1733905861	2024-12-11 09:31:01	73299695	73300042	72810082
1733905921	2024-12-11 09:32:01	73299811	73300163	72810180
1733905981	2024-12-11 09:33:01	73299865	73300213	72810256
1733906041	2024-12-11 09:34:01	73299958	73300312	72810323
1733906101	2024-12-11 09:35:01	73299966	73300332	72810357
1733906161	2024-12-11 09:36:01	73300042	73300416	72810467
1733906221	2024-12-11 09:37:01	73300162	73300523	72810549
1733906281	2024-12-11 09:38:01	73300250	73300616	72810651
1733906341	2024-12-11 09:39:01	73300393	73300729	72810780
1733906402	2024-12-11 09:40:02	73300498	73300875	72810909
1733906461	2024-12-11 09:41:01	73300647	73301006	72811035
1733906521	2024-12-11 09:42:01	73300766	73301143	72811179
1733906581	2024-12-11 09:43:01	73300853	73301213	72811310
1733906641	2024-12-11 09:44:01	73300983	73301379	72811411
1733906701	2024-12-11 09:45:01	73301141	73301509	72811539
1733906761	2024-12-11 09:46:01	73301304	73301667	72811727
1733906821	2024-12-11 09:47:01	73301427	73301793	72811844
1733906881	2024-12-11 09:48:01	73301518	73301945	72812022
1733906941	2024-12-11 09:49:01	73301734	73302040	72812163
1733907001	2024-12-11 09:50:01	73301862	73302317	72812358
1733907061	2024-12-11 09:51:01	73301992	73302443	72812500
1733907121	2024-12-11 09:52:01	73302262	73302616	72812675
1733907181	2024-12-11 09:53:01	73302344	73302731	72812784
1733907242	2024-12-11 09:54:02	73302460	73302872	72812959
1733907301	2024-12-11 09:55:01	73302629	73303082	72813138
1733907361	2024-12-11 09:56:01	73302815	73303232	72813310
1733907421	2024-12-11 09:57:01	73302992	73303377	72813473
1733907481	2024-12-11 09:58:01	73303123	73303523	72813628
1733907541	2024-12-11 09:59:01	73303252	73303660	72813734
1733907601	2024-12-11 10:00:01	73303391	73303790	72813862
1733907662	2024-12-11 10:01:02	73303526	73303921	72814003
1733907721	2024-12-11 10:02:01	73303661	73304045	72814170
1733907781	2024-12-11 10:03:01	73303813	73304260	72814345
1733907841	2024-12-11 10:04:01	73303977	73304378	72814493
1733907901	2024-12-11 10:05:01	73304101	73304490	72814597
1733907961	2024-12-11 10:06:01	73304226	73304631	72814755
1733908021	2024-12-11 10:07:01	73304355	73304754	72814873
1733908082	2024-12-11 10:08:02	73304430	73304827	72814921
1733908141	2024-12-11 10:09:01	73304554	73304952	72815037
1733908201	2024-12-11 10:10:01	73304611	73305090	72815192
1733908261	2024-12-11 10:11:01	73304832	73305233	72815314
1733908321	2024-12-11 10:12:01	73304979	73305373	72815497
1733908381	2024-12-11 10:13:01	73305046	73305446	72815554
1733908441	2024-12-11 10:14:01	73305167	73305563	72815702
1733908502	2024-12-11 10:15:02	73305343	73305743	72815859
1733908561	2024-12-11 10:16:01	73305488	73305907	72816036
1733908621	2024-12-11 10:17:01	73305669	73306109	72816216
1733908681	2024-12-11 10:18:01	73305861	73306201	72816388
1733908741	2024-12-11 10:19:01	73305933	73306352	72816503
1733908801	2024-12-11 10:20:01	73306146	73306575	72816700
1733908861	2024-12-11 10:21:01	73306241	73306661	72816819
1733908922	2024-12-11 10:22:02	73306414	73306847	72816988
1733908981	2024-12-11 10:23:01	73306605	73307014	72817143
1733909041	2024-12-11 10:24:01	73306713	73307132	72817326
1733909101	2024-12-11 10:25:01	73306853	73307325	72817462
1733909161	2024-12-11 10:26:01	73306934	73307476	72817591
1733909221	2024-12-11 10:27:01	73307247	73307632	72817795
1733909281	2024-12-11 10:28:01	73307387	73307821	72817973
1733909342	2024-12-11 10:29:02	73307559	73307987	72818104
1733909401	2024-12-11 10:30:01	73307686	73308118	72818255
1733909461	2024-12-11 10:31:01	73307798	73308226	72818374
1733909521	2024-12-11 10:32:01	73307917	73308346	72818465
1733909581	2024-12-11 10:33:01	73308003	73308470	72818591
1733909641	2024-12-11 10:34:01	73308050	73308524	72818726
1733909701	2024-12-11 10:35:01	73308247	73308663	72818888
1733909762	2024-12-11 10:36:02	73308457	73308962	72819081
1733909821	2024-12-11 10:37:01	73308692	73309056	72819249
1733909881	2024-12-11 10:38:01	73308851	73309281	72819396
1733909941	2024-12-11 10:39:01	73308968	73309372	72819542
1733910001	2024-12-11 10:40:01	73309129	73309526	72819720
1733910061	2024-12-11 10:41:01	73309297	73309725	72819861
1733910121	2024-12-11 10:42:01	73309393	73309818	72819962
1733910182	2024-12-11 10:43:02	73309480	73309925	72820086
1733910241	2024-12-11 10:44:01	73309585	73309964	72820186
1733910301	2024-12-11 10:45:01	73309789	73310155	72820357
1733910361	2024-12-11 10:46:01	73309911	73310410	72820575
1733910421	2024-12-11 10:47:01	73310147	73310574	72820722
1733910481	2024-12-11 10:48:01	73310211	73310641	72820847
1733910541	2024-12-11 10:49:01	73310402	73310826	72821059
1733910601	2024-12-11 10:50:01	73310622	73311051	72821211
1733910661	2024-12-11 10:51:01	73310732	73311204	72821359
1733910721	2024-12-11 10:52:01	73310942	73311365	72821525
1733910781	2024-12-11 10:53:01	73311123	73311498	72821702
1733910841	2024-12-11 10:54:01	73311202	73311663	72821854
1733910901	2024-12-11 10:55:01	73311389	73311800	72822033
1733910961	2024-12-11 10:56:01	73311586	73311994	72822179
1733911021	2024-12-11 10:57:01	73311759	73312179	72822342
1733911081	2024-12-11 10:58:01	73311860	73312300	72822492
1733911141	2024-12-11 10:59:01	73311979	73312409	72822623
1733911201	2024-12-11 11:00:01	73312114	73312521	72822715
1733911261	2024-12-11 11:01:01	73312207	73312636	72822874
1733911321	2024-12-11 11:02:01	73312292	73312758	72822971
1733911381	2024-12-11 11:03:01	73312432	73312907	72823104
1733911441	2024-12-11 11:04:01	73312617	73313030	72823236
1733911501	2024-12-11 11:05:01	73312725	73313087	72823341
1733911561	2024-12-11 11:06:01	73312851	73313178	72823458
1733911621	2024-12-11 11:07:01	73312952	73313384	72823587
1733911681	2024-12-11 11:08:01	73313038	73313432	72823667
1733911741	2024-12-11 11:09:01	73313210	73313546	72823853
1733911801	2024-12-11 11:10:01	73313358	73313559	72823978
1733911861	2024-12-11 11:11:01	73313518	73313838	72824138
1733911922	2024-12-11 11:12:02	73313653	73313998	72824290
1733911981	2024-12-11 11:13:01	73313800	73314154	72824503
1733912041	2024-12-11 11:14:01	73314021	73314353	72824669
1733912101	2024-12-11 11:15:01	73314185	73314617	72824885
1733912161	2024-12-11 11:16:01	73314408	73314721	72825050
1733912221	2024-12-11 11:17:01	73314547	73314885	72825195
1733912281	2024-12-11 11:18:01	73314679	73314980	72825326
1733912342	2024-12-11 11:19:02	73314764	73315108	72825474
1733912401	2024-12-11 11:20:01	73314895	73315249	72825571
1733912461	2024-12-11 11:21:01	73315002	73315356	72825665
1733912521	2024-12-11 11:22:01	73315122	73315420	72825783
1733912581	2024-12-11 11:23:01	73315211	73315556	72825866
1733912641	2024-12-11 11:24:01	73315301	73315630	72825952
1733912701	2024-12-11 11:25:01	73315406	73315701	72826063
1733912762	2024-12-11 11:26:02	73315529	73315831	72826182
1733912821	2024-12-11 11:27:01	73315632	73315983	72826295
1733912881	2024-12-11 11:28:01	73315761	73316068	72826432
1733912941	2024-12-11 11:29:01	73315844	73316177	72826507
1733913001	2024-12-11 11:30:01	73315918	73316225	72826564
1733913061	2024-12-11 11:31:01	73315972	73316313	72826629
1733913121	2024-12-11 11:32:01	73316045	73316421	72826743
1733913181	2024-12-11 11:33:01	73316150	73316490	72826809
1733913242	2024-12-11 11:34:02	73316236	73316566	72826908
1733913301	2024-12-11 11:35:01	73316302	73316642	72826983
1733913361	2024-12-11 11:36:01	73316313	73316675	72826995
1733913421	2024-12-11 11:37:01	73316453	73316797	72827120
1733913481	2024-12-11 11:38:01	73316583	73316838	72827242
1733913541	2024-12-11 11:39:01	73316686	73317032	72827359
1733913601	2024-12-11 11:40:01	73316845	73317176	72827552
1733913662	2024-12-11 11:41:02	73316994	73317325	72827688
1733913721	2024-12-11 11:42:01	73317102	73317448	72827775
1733913781	2024-12-11 11:43:01	73317205	73317533	72827874
1733913841	2024-12-11 11:44:01	73317277	73317614	72827965
1733913901	2024-12-11 11:45:01	73317375	73317712	72828043
1733913961	2024-12-11 11:46:01	73317458	73317803	72828134
1733914021	2024-12-11 11:47:01	73317510	73317854	72828190
1733914082	2024-12-11 11:48:02	73317573	73317900	72828244
1733914141	2024-12-11 11:49:01	73317618	73317963	72828289
1733914201	2024-12-11 11:50:01	73317716	73318088	72828420
1733914261	2024-12-11 11:51:01	73317823	73318171	72828523
1733914321	2024-12-11 11:52:01	73317913	73318208	72828595
1733914381	2024-12-11 11:53:01	73317998	73318334	72828671
1733914441	2024-12-11 11:54:01	73318111	73318447	72828785
1733914502	2024-12-11 11:55:02	73318170	73318553	72828892
1733914561	2024-12-11 11:56:01	73318251	73318719	72829059
1733914621	2024-12-11 11:57:01	73318521	73318831	72829172
1733914681	2024-12-11 11:58:01	73318642	73318973	72829320
1733914741	2024-12-11 11:59:01	73318780	73319112	72829469
1733914801	2024-12-11 12:00:01	73318914	73319257	72829639
1733914861	2024-12-11 12:01:01	73319064	73319369	72829746
1733914922	2024-12-11 12:02:02	73319167	73319426	72829901
1733914981	2024-12-11 12:03:01	73319340	73319611	72830026
1733915041	2024-12-11 12:04:01	73319507	73319786	72830190
1733915101	2024-12-11 12:05:01	73319641	73319944	72830312
1733915161	2024-12-11 12:06:01	73319817	73320139	72830504
1733915221	2024-12-11 12:07:01	73319912	73320199	72830617
1733915281	2024-12-11 12:08:01	73320066	73320401	72830771
1733915342	2024-12-11 12:09:02	73320224	73320536	72830930
1733915401	2024-12-11 12:10:01	73320335	73320669	72831122
1733915461	2024-12-11 12:11:01	73320505	73320836	72831214
1733915521	2024-12-11 12:12:01	73320608	73321004	72831376
1733915581	2024-12-11 12:13:01	73320843	73321163	72831562
1733915641	2024-12-11 12:14:01	73321030	73321265	72831744
1733915701	2024-12-11 12:15:01	73321243	73321486	72831962
1733915762	2024-12-11 12:16:02	73321370	73321800	72832227
1733915821	2024-12-11 12:17:01	73321672	73321900	72832390
1733915881	2024-12-11 12:18:01	73321805	73322070	72832545
1733915941	2024-12-11 12:19:01	73322021	73322262	72832745
1733916001	2024-12-11 12:20:01	73322259	73322582	72832983
1733916061	2024-12-11 12:21:01	73322409	73322738	72833140
1733916121	2024-12-11 12:22:01	73322533	73322808	72833310
1733916182	2024-12-11 12:23:02	73322677	73322966	72833478
1733916241	2024-12-11 12:24:01	73322902	73323140	72833667
1733916301	2024-12-11 12:25:01	73323091	73323336	72833814
1733916361	2024-12-11 12:26:01	73323264	73323577	72833987
1733916421	2024-12-11 12:27:01	73323319	73323632	72834045
1733916481	2024-12-11 12:28:01	73323425	73323749	72834174
1733916541	2024-12-11 12:29:01	73323591	73323900	72834280
1733916602	2024-12-11 12:30:02	73323659	73323982	72834425
1733916661	2024-12-11 12:31:01	73323763	73324079	72834537
1733916721	2024-12-11 12:32:01	73323769	73324200	72834609
1733916781	2024-12-11 12:33:01	73323986	73324308	72834725
1733916841	2024-12-11 12:34:01	73324161	73324476	72834895
1733916901	2024-12-11 12:35:01	73324228	73324532	72835038
1733916961	2024-12-11 12:36:01	73324367	73324698	72835115
1733917022	2024-12-11 12:37:02	73324544	73324860	72835286
1733917081	2024-12-11 12:38:01	73324668	73325001	72835456
1733917141	2024-12-11 12:39:01	73324806	73325149	72835579
1733917201	2024-12-11 12:40:01	73324961	73325340	72835775
1733917261	2024-12-11 12:41:01	73325226	73325563	72835999
1733917321	2024-12-11 12:42:01	73325344	73325655	72836172
1733917381	2024-12-11 12:43:01	73325477	73325906	72836337
1733917441	2024-12-11 12:44:01	73325721	73326088	72836517
1733917501	2024-12-11 12:45:01	73325834	73326169	72836600
1733917561	2024-12-11 12:46:01	73325895	73326230	72836676
1733917621	2024-12-11 12:47:01	73325948	73326261	72836706
1733917681	2024-12-11 12:48:01	73326006	73326325	72836788
1733917741	2024-12-11 12:49:01	73326127	73326499	72836935
1733917801	2024-12-11 12:50:01	73326173	73326502	72836935
1733917862	2024-12-11 12:51:02	73326176	73326505	72836938
1733917921	2024-12-11 12:52:01	73326176	73326505	72836938
1733917981	2024-12-11 12:53:01	73326176	73326505	72836938
1733918041	2024-12-11 12:54:01	73326176	73326505	72836938
1733918101	2024-12-11 12:55:01	73326176	73326505	72836938
1733918161	2024-12-11 12:56:01	73326176	73326505	72836938
1733918221	2024-12-11 12:57:01	73326176	73326505	72836938
1733918281	2024-12-11 12:58:01	73326176	73326505	72836938
1733918341	2024-12-11 12:59:01	73326176	73326505	72836938
1733918401	2024-12-11 13:00:01	73326176	73326505	72836938
1733918461	2024-12-11 13:01:01	73326176	73326505	72836938
1733918521	2024-12-11 13:02:01	73326176	73326505	72836938
1733918581	2024-12-11 13:03:01	73326176	73326505	72836938
1733918641	2024-12-11 13:04:01	73326176	73326505	72836938
1733918701	2024-12-11 13:05:01	73326176	73326505	72836938
1733918762	2024-12-11 13:06:02	73326176	73326505	72836938
1733918821	2024-12-11 13:07:01	73326176	73326505	72836938
1733918881	2024-12-11 13:08:01	73326176	73326505	72836938
1733918941	2024-12-11 13:09:01	73326176	73326505	72836938
1733919001	2024-12-11 13:10:01	73326176	73326505	72836938
1733919061	2024-12-11 13:11:01	73326176	73326505	72836938
1733919121	2024-12-11 13:12:01	73326176	73326505	72836938
1733919182	2024-12-11 13:13:02	73326176	73326505	72836938
1733919241	2024-12-11 13:14:01	73326176	73326505	72836938
1733919301	2024-12-11 13:15:01	73326180	73326507	72836944
1733919361	2024-12-11 13:16:01	73326230	73326549	72836992
1733919421	2024-12-11 13:17:01	73326259	73326588	72837023
1733919481	2024-12-11 13:18:01	73326375	73326699	72837140
1733919541	2024-12-11 13:19:01	73326513	73326834	72837284
1733919601	2024-12-11 13:20:01	73326635	73326951	72837432
1733919661	2024-12-11 13:21:01	73326774	73327090	72837567
1733919721	2024-12-11 13:22:01	73326896	73327224	72837676
1733919781	2024-12-11 13:23:01	73326996	73327326	72837803
1733919841	2024-12-11 13:24:01	73327054	73327380	72837871
1733919901	2024-12-11 13:25:01	73327168	73327524	72838002
1733919961	2024-12-11 13:26:01	73327335	73327663	72838118
1733920021	2024-12-11 13:27:01	73327498	73327815	72838300
1733920081	2024-12-11 13:28:01	73327691	73328014	72838493
1733920141	2024-12-11 13:29:01	73327807	73328135	72838601
1733920201	2024-12-11 13:30:01	73327902	73328236	72838703
